﻿<?xml version="1.0" encoding="utf-8"?>
<ProjectElements>
  <AcfElementGuid Guid="107fe910-c57f-4724-b959-c901a6b9bad1">
    <File>PMS_FUNCTION.AcfMlge</File>
  </AcfElementGuid>
  <AcfElementGuid Guid="21f854b7-e91b-40e1-b130-26310f0c8fde">
    <File>IO_MAPPING.AcfMlge</File>
  </AcfElementGuid>
  <AcfElementGuid Guid="408aa849-6950-499e-9df7-62a539de714f">
    <File>PROCESS_SELECTION.AcfMlge</File>
  </AcfElementGuid>
  <AcfElementGuid Guid="4a4324d5-972e-4a41-bf9a-17e209e136ee">
    <File>RA_TWO_WORD_TO_REAL.AcfMlge</File>
  </AcfElementGuid>
  <AcfElementGuid Guid="859215d0-7a69-4403-8d05-e28229f66a09">
    <File>MODBUS.AcfMlge</File>
  </AcfElementGuid>
  <AcfElementGuid Guid="88273aac-ead2-4ee5-b0fb-6f877d8ded24">
    <File>ALARM.AcfMlge</File>
  </AcfElementGuid>
  <AcfElementGuid Guid="df49dfdf-b2d8-4eaa-b226-4eaf73da4279">
    <File>OHTC_LOGIC.AcfMlge</File>
  </AcfElementGuid>
</ProjectElements>