<modbusServer Version="2.0">
  <modbusRegister name="HOLDING_REGISTERS">
    <mapping variable="FAN_WRITE_SPEED_TCP" parent="Micro820" dataType="Int" address="40001">
      <MBVarInfo ElemType="Int" SubElemType="Any" DataTypeSize="2" />
    </mapping>
    <mapping variable="FAN_OUTPUT_CURRENT_TCP" parent="Micro820" dataType="Int" address="40002">
      <MBVarInfo ElemType="Int" SubElemType="Any" DataTypeSize="2" />
    </mapping>
    <mapping variable="FAN_ACT_POWER" parent="Micro820" dataType="Int" address="40003">
      <MBVarInfo ElemType="Int" SubElemType="Any" DataTypeSize="2" />
    </mapping>
    <mapping variable="VACCUM_PRESSURE_TCP" parent="Micro820" dataType="Int" address="40004">
      <MBVarInfo ElemType="Int" SubElemType="Any" DataTypeSize="2" />
    </mapping>
    <mapping variable="OUTPUT_SPEED_DRIVE_TCP" parent="Micro820" dataType="Int" address="40005">
      <MBVarInfo ElemType="Int" SubElemType="Any" DataTypeSize="2" />
    </mapping>
    <mapping variable="OUTPUT_CURRENT_TCP" parent="Micro820" dataType="Int" address="40006">
      <MBVarInfo ElemType="Int" SubElemType="Any" DataTypeSize="2" />
    </mapping>
    <mapping variable="OUTPUT_POWER_TCP" parent="Micro820" dataType="Int" address="40007">
      <MBVarInfo ElemType="Int" SubElemType="Any" DataTypeSize="2" />
    </mapping>
    <mapping variable="PMS_RUN_DAY" parent="Micro820" dataType="Int" address="40008">
      <MBVarInfo ElemType="Int" SubElemType="Any" DataTypeSize="2" />
    </mapping>
    <mapping variable="PMS_RUN_HOUR" parent="Micro820" dataType="Int" address="40009">
      <MBVarInfo ElemType="Int" SubElemType="Any" DataTypeSize="2" />
    </mapping>
    <mapping variable="PMS_RUN_MIN" parent="Micro820" dataType="Int" address="40010">
      <MBVarInfo ElemType="Int" SubElemType="Any" DataTypeSize="2" />
    </mapping>
    <mapping variable="PMS_RUN_SEC" parent="Micro820" dataType="Int" address="40011">
      <MBVarInfo ElemType="Int" SubElemType="Any" DataTypeSize="2" />
    </mapping>
    <mapping variable="PMS_IDEAL_DAY" parent="Micro820" dataType="Int" address="40012">
      <MBVarInfo ElemType="Int" SubElemType="Any" DataTypeSize="2" />
    </mapping>
    <mapping variable="PMS_IDEAL_HOUR" parent="Micro820" dataType="Int" address="40013">
      <MBVarInfo ElemType="Int" SubElemType="Any" DataTypeSize="2" />
    </mapping>
    <mapping variable="PMS_IDEAL_MIN" parent="Micro820" dataType="Int" address="40014">
      <MBVarInfo ElemType="Int" SubElemType="Any" DataTypeSize="2" />
    </mapping>
    <mapping variable="PMS_IDEAL_SEC" parent="Micro820" dataType="Int" address="40015">
      <MBVarInfo ElemType="Int" SubElemType="Any" DataTypeSize="2" />
    </mapping>
    <mapping variable="PMS_FAULT_DAY" parent="Micro820" dataType="Int" address="40016">
      <MBVarInfo ElemType="Int" SubElemType="Any" DataTypeSize="2" />
    </mapping>
    <mapping variable="PMS_FAULT_HOUR" parent="Micro820" dataType="Int" address="40017">
      <MBVarInfo ElemType="Int" SubElemType="Any" DataTypeSize="2" />
    </mapping>
    <mapping variable="PMS_FAULT_MIN" parent="Micro820" dataType="Int" address="40018">
      <MBVarInfo ElemType="Int" SubElemType="Any" DataTypeSize="2" />
    </mapping>
    <mapping variable="PMS_FAULT_SEC" parent="Micro820" dataType="Int" address="40019">
      <MBVarInfo ElemType="Int" SubElemType="Any" DataTypeSize="2" />
    </mapping>
    <mapping variable="MACHINE_STATUS" parent="Micro820" dataType="Int" address="40020">
      <MBVarInfo ElemType="Int" SubElemType="Any" DataTypeSize="2" />
    </mapping>
    <mapping variable="FAN_STATUS" parent="Micro820" dataType="Int" address="40021">
      <MBVarInfo ElemType="Int" SubElemType="Any" DataTypeSize="2" />
    </mapping>
    <mapping variable="DRIVE_STATUS" parent="Micro820" dataType="Int" address="40022">
      <MBVarInfo ElemType="Int" SubElemType="Any" DataTypeSize="2" />
    </mapping>
    <mapping variable="FAN_ACT_SPEED" parent="Micro820" dataType="Int" address="40051">
      <MBVarInfo ElemType="Int" SubElemType="Any" DataTypeSize="2" />
    </mapping>
    <mapping variable="DISCHARGE_DELAY_TIME_HMI" parent="Micro820" dataType="Int" address="40052">
      <MBVarInfo ElemType="Int" SubElemType="Any" DataTypeSize="2" />
    </mapping>
    <mapping variable="FRW_ON_DELAY_TIME_HMI" parent="Micro820" dataType="Int" address="40053">
      <MBVarInfo ElemType="Int" SubElemType="Any" DataTypeSize="2" />
    </mapping>
    <mapping variable="REV_ON_DELAY_TIME_HMI" parent="Micro820" dataType="Int" address="40054">
      <MBVarInfo ElemType="Int" SubElemType="Any" DataTypeSize="2" />
    </mapping>
    <mapping variable="OBSTACLE_STATUS" parent="Micro820" dataType="Int" address="40055">
      <MBVarInfo ElemType="Int" SubElemType="Any" DataTypeSize="2" />
    </mapping>
    <mapping variable="FUNCTION_MODE_SELECTION" parent="Micro820" dataType="Int" address="40056">
      <MBVarInfo ElemType="Int" SubElemType="Any" DataTypeSize="2" />
    </mapping>
    <mapping variable="AUTO_START_STATUS" parent="Micro820" dataType="Int" address="40057">
      <MBVarInfo ElemType="Int" SubElemType="Any" DataTypeSize="2" />
    </mapping>
    <mapping variable="AUTO_START_DELAY_HMI" parent="Micro820" dataType="Int" address="40058">
      <MBVarInfo ElemType="Int" SubElemType="Any" DataTypeSize="2" />
    </mapping>
    <mapping variable="MANUAL_START_STATUS" parent="Micro820" dataType="Int" address="40059">
      <MBVarInfo ElemType="Int" SubElemType="Any" DataTypeSize="2" />
    </mapping>
    <mapping variable="FRW_ON_DELAY_FAN_HMI" parent="Micro820" dataType="Int" address="40060">
      <MBVarInfo ElemType="Int" SubElemType="Any" DataTypeSize="2" />
    </mapping>
    <mapping variable="REV_ON_DELAY_FAN_HMI" parent="Micro820" dataType="Int" address="40061">
      <MBVarInfo ElemType="Int" SubElemType="Any" DataTypeSize="2" />
    </mapping>
    <mapping variable="DRIVE_SPEED_WRITE_TCP" parent="Micro820" dataType="Int" address="40062">
      <MBVarInfo ElemType="Int" SubElemType="Any" DataTypeSize="2" />
    </mapping>
    <mapping variable="MAN_RECOVERY_DELAY_HMI" parent="Micro820" dataType="Int" address="40063">
      <MBVarInfo ElemType="Int" SubElemType="Any" DataTypeSize="2" />
    </mapping>
    <mapping variable="POWER_SAVING_STATUS" parent="Micro820" dataType="Int" address="40064">
      <MBVarInfo ElemType="Int" SubElemType="Any" DataTypeSize="2" />
    </mapping>
    <mapping variable="INTURRUPT_STATUS" parent="Micro820" dataType="Int" address="40065">
      <MBVarInfo ElemType="Int" SubElemType="Any" DataTypeSize="2" />
    </mapping>
    <mapping variable="INTURRUPT_START_DELAY_DRIVE_HMI" parent="Micro820" dataType="Int" address="40066">
      <MBVarInfo ElemType="Int" SubElemType="Any" DataTypeSize="2" />
    </mapping>
    <mapping variable="INTURRUPT_START_DELAY_FAN_HMI" parent="Micro820" dataType="Int" address="40067">
      <MBVarInfo ElemType="Int" SubElemType="Any" DataTypeSize="2" />
    </mapping>
    <mapping variable="INITIAL_DELAY_START_HMI" parent="Micro820" dataType="Int" address="40068">
      <MBVarInfo ElemType="Int" SubElemType="Any" DataTypeSize="2" />
    </mapping>
    <mapping variable="INITIAL_DELAY_START_FAN_HMI" parent="Micro820" dataType="Int" address="40069">
      <MBVarInfo ElemType="Int" SubElemType="Any" DataTypeSize="2" />
    </mapping>
    <mapping variable="DISCHARGE_DELAY_TIME_HMI" parent="Micro820" dataType="Int" address="40070">
      <MBVarInfo ElemType="Int" SubElemType="Any" DataTypeSize="2" />
    </mapping>
    <mapping variable="MID_COLLECTION_STATUS" parent="Micro820" dataType="Int" address="40071">
      <MBVarInfo ElemType="Int" SubElemType="Any" DataTypeSize="2" />
    </mapping>
    <mapping variable="MID_COLLECTION_DELAY_TIME_HMI" parent="Micro820" dataType="Int" address="40072">
      <MBVarInfo ElemType="Int" SubElemType="Any" DataTypeSize="2" />
    </mapping>
    <mapping variable="MID_COLLECTION_DELAY_TIME_FAN_HMI" parent="Micro820" dataType="Int" address="40073">
      <MBVarInfo ElemType="Int" SubElemType="Any" DataTypeSize="2" />
    </mapping>
    <mapping variable="OBSTACLE_SELECTION_STATUS" parent="Micro820" dataType="Int" address="40074">
      <MBVarInfo ElemType="Int" SubElemType="Any" DataTypeSize="2" />
    </mapping>
    <mapping variable="DELAY_RECOGNITION_TIMER_HMI" parent="Micro820" dataType="Int" address="40075">
      <MBVarInfo ElemType="Int" SubElemType="Any" DataTypeSize="2" />
    </mapping>
    <mapping variable="ALARM_POP_UP" parent="Micro820" dataType="Int" address="40076">
      <MBVarInfo ElemType="Int" SubElemType="Any" DataTypeSize="2" />
    </mapping>
  </modbusRegister>
</modbusServer>