<modbusServer Version="2.0">
  <modbusRegister name="HOLDING_REGISTERS">
    <mapping variable="FAN_WRITE_SPEED_TCP" parent="Micro820" dataType="Int" address="40001" va="0x584">
      <MBVarInfo ElemType="Int" SubElemType="Any" DataTypeSize="2" />
    </mapping>
    <mapping variable="FAN_OUTPUT_CURRENT_TCP" parent="Micro820" dataType="Int" address="40002" va="0x586">
      <MBVarInfo ElemType="Int" SubElemType="Any" DataTypeSize="2" />
    </mapping>
    <mapping variable="FAN_ACT_POWER" parent="Micro820" dataType="Int" address="40003" va="0x56e">
      <MBVarInfo ElemType="Int" SubElemType="Any" DataTypeSize="2" />
    </mapping>
    <mapping variable="VACCUM_PRESSURE_TCP" parent="Micro820" dataType="Int" address="40004" va="0x588">
      <MBVarInfo ElemType="Int" SubElemType="Any" DataTypeSize="2" />
    </mapping>
    <mapping variable="OUTPUT_SPEED_DRIVE_TCP" parent="Micro820" dataType="Int" address="40005" va="0x58a">
      <MBVarInfo ElemType="Int" SubElemType="Any" DataTypeSize="2" />
    </mapping>
    <mapping variable="OUTPUT_CURRENT_TCP" parent="Micro820" dataType="Int" address="40006" va="0x58c">
      <MBVarInfo ElemType="Int" SubElemType="Any" DataTypeSize="2" />
    </mapping>
    <mapping variable="OUTPUT_POWER_TCP" parent="Micro820" dataType="Int" address="40007" va="0x58e">
      <MBVarInfo ElemType="Int" SubElemType="Any" DataTypeSize="2" />
    </mapping>
    <mapping variable="PMS_RUN_DAY" parent="Micro820" dataType="Int" address="40008" va="0x556">
      <MBVarInfo ElemType="Int" SubElemType="Any" DataTypeSize="2" />
    </mapping>
    <mapping variable="PMS_RUN_HOUR" parent="Micro820" dataType="Int" address="40009" va="0x552">
      <MBVarInfo ElemType="Int" SubElemType="Any" DataTypeSize="2" />
    </mapping>
    <mapping variable="PMS_RUN_MIN" parent="Micro820" dataType="Int" address="40010" va="0x550">
      <MBVarInfo ElemType="Int" SubElemType="Any" DataTypeSize="2" />
    </mapping>
    <mapping variable="PMS_RUN_SEC" parent="Micro820" dataType="Int" address="40011" va="0x554">
      <MBVarInfo ElemType="Int" SubElemType="Any" DataTypeSize="2" />
    </mapping>
    <mapping variable="PMS_IDEAL_DAY" parent="Micro820" dataType="Int" address="40012" va="0x55e">
      <MBVarInfo ElemType="Int" SubElemType="Any" DataTypeSize="2" />
    </mapping>
    <mapping variable="PMS_IDEAL_HOUR" parent="Micro820" dataType="Int" address="40013" va="0x55c">
      <MBVarInfo ElemType="Int" SubElemType="Any" DataTypeSize="2" />
    </mapping>
    <mapping variable="PMS_IDEAL_MIN" parent="Micro820" dataType="Int" address="40014" va="0x55a">
      <MBVarInfo ElemType="Int" SubElemType="Any" DataTypeSize="2" />
    </mapping>
    <mapping variable="PMS_IDEAL_SEC" parent="Micro820" dataType="Int" address="40015" va="0x558">
      <MBVarInfo ElemType="Int" SubElemType="Any" DataTypeSize="2" />
    </mapping>
    <mapping variable="PMS_FAULT_DAY" parent="Micro820" dataType="Int" address="40016" va="0x568">
      <MBVarInfo ElemType="Int" SubElemType="Any" DataTypeSize="2" />
    </mapping>
    <mapping variable="PMS_FAULT_HOUR" parent="Micro820" dataType="Int" address="40017" va="0x566">
      <MBVarInfo ElemType="Int" SubElemType="Any" DataTypeSize="2" />
    </mapping>
    <mapping variable="PMS_FAULT_MIN" parent="Micro820" dataType="Int" address="40018" va="0x564">
      <MBVarInfo ElemType="Int" SubElemType="Any" DataTypeSize="2" />
    </mapping>
    <mapping variable="PMS_FAULT_SEC" parent="Micro820" dataType="Int" address="40019" va="0x562">
      <MBVarInfo ElemType="Int" SubElemType="Any" DataTypeSize="2" />
    </mapping>
    <mapping variable="MACHINE_STATUS" parent="Micro820" dataType="Int" address="40020" va="0x570">
      <MBVarInfo ElemType="Int" SubElemType="Any" DataTypeSize="2" />
    </mapping>
    <mapping variable="FAN_STATUS" parent="Micro820" dataType="Int" address="40021" va="0x572">
      <MBVarInfo ElemType="Int" SubElemType="Any" DataTypeSize="2" />
    </mapping>
    <mapping variable="DRIVE_STATUS" parent="Micro820" dataType="Int" address="40022" va="0x574">
      <MBVarInfo ElemType="Int" SubElemType="Any" DataTypeSize="2" />
    </mapping>
    <mapping variable="FAN_ACT_SPEED" parent="Micro820" dataType="Int" address="40051" va="0x56c">
      <MBVarInfo ElemType="Int" SubElemType="Any" DataTypeSize="2" />
    </mapping>
    <mapping variable="DISCHARGE_DELAY_TIME_HMI" parent="Micro820" dataType="Int" address="40052" va="0x534">
      <MBVarInfo ElemType="Int" SubElemType="Any" DataTypeSize="2" />
    </mapping>
    <mapping variable="FRW_ON_DELAY_TIME_HMI" parent="Micro820" dataType="Int" address="40053" va="0x540">
      <MBVarInfo ElemType="Int" SubElemType="Any" DataTypeSize="2" />
    </mapping>
    <mapping variable="REV_ON_DELAY_TIME_HMI" parent="Micro820" dataType="Int" address="40054" va="0x544">
      <MBVarInfo ElemType="Int" SubElemType="Any" DataTypeSize="2" />
    </mapping>
    <mapping variable="OBSTACLE_STATUS" parent="Micro820" dataType="Int" address="40055" va="0x576">
      <MBVarInfo ElemType="Int" SubElemType="Any" DataTypeSize="2" />
    </mapping>
    <mapping variable="FUNCTION_MODE_SELECTION" parent="Micro820" dataType="Int" address="40056" va="0x510">
      <MBVarInfo ElemType="Int" SubElemType="Any" DataTypeSize="2" />
    </mapping>
    <mapping variable="AUTO_START_STATUS" parent="Micro820" dataType="Int" address="40057" va="0x578">
      <MBVarInfo ElemType="Int" SubElemType="Any" DataTypeSize="2" />
    </mapping>
    <mapping variable="AUTO_START_DELAY_HMI" parent="Micro820" dataType="Int" address="40058" va="0x518">
      <MBVarInfo ElemType="Int" SubElemType="Any" DataTypeSize="2" />
    </mapping>
    <mapping variable="MANUAL_START_STATUS" parent="Micro820" dataType="Int" address="40059" va="0x57a">
      <MBVarInfo ElemType="Int" SubElemType="Any" DataTypeSize="2" />
    </mapping>
    <mapping variable="FRW_ON_DELAY_FAN_HMI" parent="Micro820" dataType="Int" address="40060" va="0x548">
      <MBVarInfo ElemType="Int" SubElemType="Any" DataTypeSize="2" />
    </mapping>
    <mapping variable="REV_ON_DELAY_FAN_HMI" parent="Micro820" dataType="Int" address="40061" va="0x54c">
      <MBVarInfo ElemType="Int" SubElemType="Any" DataTypeSize="2" />
    </mapping>
    <mapping variable="DRIVE_SPEED_WRITE_TCP" parent="Micro820" dataType="Int" address="40062" va="0x590">
      <MBVarInfo ElemType="Int" SubElemType="Any" DataTypeSize="2" />
    </mapping>
    <mapping variable="MAN_RECOVERY_DELAY_HMI" parent="Micro820" dataType="Int" address="40063" va="0x51c">
      <MBVarInfo ElemType="Int" SubElemType="Any" DataTypeSize="2" />
    </mapping>
    <mapping variable="POWER_SAVING_STATUS" parent="Micro820" dataType="Int" address="40064" va="0x57c">
      <MBVarInfo ElemType="Int" SubElemType="Any" DataTypeSize="2" />
    </mapping>
    <mapping variable="INTURRUPT_STATUS" parent="Micro820" dataType="Int" address="40065" va="0x57e">
      <MBVarInfo ElemType="Int" SubElemType="Any" DataTypeSize="2" />
    </mapping>
    <mapping variable="INTURRUPT_START_DELAY_DRIVE_HMI" parent="Micro820" dataType="Int" address="40066" va="0x528">
      <MBVarInfo ElemType="Int" SubElemType="Any" DataTypeSize="2" />
    </mapping>
    <mapping variable="INTURRUPT_START_DELAY_FAN_HMI" parent="Micro820" dataType="Int" address="40067" va="0x52c">
      <MBVarInfo ElemType="Int" SubElemType="Any" DataTypeSize="2" />
    </mapping>
    <mapping variable="INITIAL_DELAY_START_HMI" parent="Micro820" dataType="Int" address="40068" va="0x520">
      <MBVarInfo ElemType="Int" SubElemType="Any" DataTypeSize="2" />
    </mapping>
    <mapping variable="INITIAL_DELAY_START_FAN_HMI" parent="Micro820" dataType="Int" address="40069" va="0x524">
      <MBVarInfo ElemType="Int" SubElemType="Any" DataTypeSize="2" />
    </mapping>
    <mapping variable="DISCHARGE_DELAY_TIME_HMI" parent="Micro820" dataType="Int" address="40070" va="0x534">
      <MBVarInfo ElemType="Int" SubElemType="Any" DataTypeSize="2" />
    </mapping>
    <mapping variable="MID_COLLECTION_STATUS" parent="Micro820" dataType="Int" address="40071" va="0x580">
      <MBVarInfo ElemType="Int" SubElemType="Any" DataTypeSize="2" />
    </mapping>
    <mapping variable="MID_COLLECTION_DELAY_TIME_HMI" parent="Micro820" dataType="Int" address="40072" va="0x538">
      <MBVarInfo ElemType="Int" SubElemType="Any" DataTypeSize="2" />
    </mapping>
    <mapping variable="MID_COLLECTION_DELAY_TIME_FAN_HMI" parent="Micro820" dataType="Int" address="40073" va="0x53c">
      <MBVarInfo ElemType="Int" SubElemType="Any" DataTypeSize="2" />
    </mapping>
    <mapping variable="OBSTACLE_SELECTION_STATUS" parent="Micro820" dataType="Int" address="40074" va="0x582">
      <MBVarInfo ElemType="Int" SubElemType="Any" DataTypeSize="2" />
    </mapping>
    <mapping variable="DELAY_RECOGNITION_TIMER_HMI" parent="Micro820" dataType="Int" address="40075" va="0x530">
      <MBVarInfo ElemType="Int" SubElemType="Any" DataTypeSize="2" />
    </mapping>
    <mapping variable="ALARM_POP_UP" parent="Micro820" dataType="Int" address="40076" va="0x512">
      <MBVarInfo ElemType="Int" SubElemType="Any" DataTypeSize="2" />
    </mapping>
  </modbusRegister>
</modbusServer>