﻿<?xml version="1.0" encoding="utf-8"?>
<ProjectElements>
  <AcfElementGuid Guid="107fe910-c57f-4724-b959-c901a6b9bad1" />
  <AcfElementGuid Guid="185f296c-6d61-474c-8f9c-a7d1097e6e5d" />
  <AcfElementGuid Guid="21f854b7-e91b-40e1-b130-26310f0c8fde" />
  <AcfElementGuid Guid="408aa849-6950-499e-9df7-62a539de714f" />
  <AcfElementGuid Guid="42ba890b-499b-4d35-ad5b-55ce5f79f5a4" />
  <AcfElementGuid Guid="4a4324d5-972e-4a41-bf9a-17e209e136ee" />
  <AcfElementGuid Guid="70e2980c-1745-4071-8346-1bd7fa8200e4" />
  <AcfElementGuid Guid="859215d0-7a69-4403-8d05-e28229f66a09" />
  <AcfElementGuid Guid="88273aac-ead2-4ee5-b0fb-6f877d8ded24" />
  <AcfElementGuid Guid="df49dfdf-b2d8-4eaa-b226-4eaf73da4279" />
</ProjectElements>